soru_id,metin_var_mı,metin,soru_kökü,A,B,C,D,E
1,Evet,"Aşağıda cümlelerin ifade ettiği anlam özellikleri ve örnek cümleler verilmiştir","Buna göre bu cümlelerde kaç numaralı anlam özelliği örneklenmemiştir",I,II,III,IV,
2,Evet,"Bir durum olay ya da kişiyle ilgili tecrübelere dayanılarak peşin hüküm vermeye ön yargı denir","Bu açıklamaya göre aşağıdaki cümlelerin hangisinde ön yargı söz konusudur","Bazı sanatçıların yalnızca roman türünde yapıt kaleme almalarını doğru bulmuyorum","Geçen ay yazmaya başladığım hikâyem ne yazık ki yarışmaya yetişmeyecek","Bir sanat eseriyle ilgili değerlendirmeler duygular katılmadan ortaya konmalıdır","Sanatçının okurun anlama düzeyini göz ardı ederek yazdığı bu şiirlerin kalıcılığı yakalaması bence imkânsız",
3,Evet,"Küçükken köyde yaşamayı çok severdim metni","Bu metin ile ilgili aşağıdakilerden hangisi söylenemez","I cümlede öznel yargı söz konusudur","II cümlede karşılaştırma yapılmıştır","III cümlede tahmin söz konusudur","IV cümlede bir sonuç dile getirilmiştir",
4,Evet,"Charlie Chaplin ve Şarlo karakteri hakkında iki cümle verilmiş","Bu iki cümlede ifade edilenlerin anlamca doğru bir biçimde birleştirilmiş hâli hangisidir","Sinema yönetmeni yazar ve oyuncu olan Charlie Chaplin Şehrin Işıkları adlı filmiyle Oscar Ödülü kazanmıştır","Şarlo karakteriyle tüm dünyada tanınan Charlie Chaplin bu karakterle rol aldığı Şehrin Işıkları filmi ile Oscar Ödülü kazanmıştır","Charlie Chaplin Şehrin Işıkları filmiyle Oscar Ödülü kazanmasının yanı sıra yarattığı Şarlo karakteriyle dünyaca tanınır olmuştur","Şehrin Işıkları filmiyle Oscar Ödülü kazanan Charlie Chaplin yazar oyuncu ve sinema yönetmeni olan Şarlo karakteriyle tanınmıştır",
5,Evet,"Hayatı boyunca çok fazla eser yayımlamamış bir yazar metni","Bu metindeki cümlelerle ilgili aşağıdakilerden hangisi söylenemez","Koşul anlamı vardır","Gerekçeli bir anlatım vardır","Öznel anlatıma yer verilmiştir","Amaç-sonuç cümlesine yer verilmiştir",
6,Evet,"İnsan toplu hâlde yaşayan bir varlıktır metni","Bu metindeki numaralanmış cümlelerle ilgili aşağıdakilerden hangisi yanlıştır","I cümlede tanım yapılmıştır","II cümlede çıkarım yapılmıştır","III cümlede bir saptama yapılmıştır","IV cümlede olasılık anlamı vardır",
7,Evet,"Örtülü anlam tanımı ve Eymen bugün de derse geç kaldı örneği verilmiş","Buna göre aşağıdaki cümlelerin hangisinde örtülü anlam vardır","Bize ufak tefek sorunları büyütmememiz gerektiğini söylerdi","O oyuncakları nerede görsem çocukluk günlerimi hatırlarım","Eskiden bayramlarda kapı kapı dolaşıp şeker toplanırmış","Böylesine lezzetli bir yemeği ne zamandır yememiştim",
8,Evet,"İleri yaşlarda görülen unutkanlık metni","Bu metindeki numaralanmış cümlelerle ilgili aşağıda verilenlerden hangisi yanlıştır","I cümlede unutkanlığın belirtileri verilmiştir","II cümlede unutkanlık problemleri ile ilgili tespitte bulunulmuştur","III cümle koşul-sonuç cümlesidir","IV cümlede varsayım söz konusudur",
9,Evet,"pat diye atılamaz onları - alışkanlıklar pencereden - yavaş yavaş indirmeniz gerekir - merdivenlerden dil dökerek","Numaralanmış sözler anlamlı ve kurallı bir cümle oluşturacak şekilde sıralandığında hangisi baştan üçüncü olur",I,II,III,IV,
10,Evet,"İki saat önce başlayan sınav - Hayatındaki tüm planlamaları mutlaka önceden yapar - En zor günlerinde bile daima senin yanında olacağım - Dönem sonundaki İstanbul gezisine ben asla gelmeyeceğim","Numaralanmış cümlelerin hangisinde kesinlik anlamı yoktur",I,II,III,IV,
11,Evet,"Ülkemizde eğitime erişimin belirli sosyoekonomik gruplar için hâlâ sorunlu olması metni","Bu metindeki numaralanmış cümlelerle ilgili aşağıdakilerden hangisi söylenemez","I cümle neden-sonuç cümlesidir","II cümlede karşılaştırma yapılmıştır","III cümlede koşul söz konusudur","IV cümlede görüş belirtilmiştir",
12,Evet,"kalabilmeyi - yapıtlarında evrensel - isteyen sanatçı - konulara yer vermelidir - geleceğe","Numaralanmış sözler anlamlı ve kurallı bir cümle oluşturacak şekilde sıralandığında hangisi baştan üçüncü olur",I,II,III,IV,
13,Evet,"Jules Verne ve iletişimin geleceği hakkındaki fikirleri metni","metnindeki numaralanmış cümlelerin hangisinde karşılaştırma yapılmıştır",I,II,III,IV,
14,Evet,"Kuytu ormanları tenha bağları geziyor mevsimin yorgun rüzgârı dizeleri","Bu dizelerin anlamlı ve kurallı cümleler hâline getirilmiş biçimi hangisidir","Mevsimin yorgun bağları kuytu ormanları geziyor","Sonbaharın yorgun rüzgârı kuytu ormanları ve tenha bağları geziyor","Kırık ince dalları sarı yapraklarıyla geçmiş bu yoldan sonbahar","Mevsimin yorgun rüzgârı kuytu ormanları ve tenha bağları geziyor İnce dallar kırık yapraklar sarı belli ki bu yoldan da sonbahar geçmiş",
15,Evet,"Öznel anlatım kişisel görüşleri içerir Nesnel anlatım ise kişisel görüşlerden uzak kanıtlanabilir yargılarla oluşturulur","Bu açıklamaya göre aşağıdaki metinlerden hangisinde öznel anlatıma başvurulmuştur","Fransız ve Ruslardan oluşan bir grup araştırmacı 30000 yıl öncesinden kalma bir virüs keşfetti","İtalyan besteci Antonio Vivaldi Dört Mevsim adlı eserini 1700lü yılların başında bir şiirden esinlenerek bestelemiş","Anadolu sığla ağacı dünyada yalnızca ülkemizde yaşayan bir ağaç türü","İsrailde bir şirket çok küçük bir yazıcı üretti",
16,Evet,"Kişiden kişiye değişmeyecek yargılar içeren cümlelere nesnel cümle denir açıklaması","Buna göre aşağıdaki cümlelerin hangisinde öznellik söz konusudur","Yanardağlar yer kürenin içten içe derinden taşıdığı kızgınlığını öfkesini ve acılarını dizginleyemeyip dışa püskürttüğü noktalardır","Malta birkaç büyük kasabanın koylar yarımadalar ve haliçler üzerinde birleşerek yayılmasından oluşmuş bir kenttir","Günümüzden yaklaşık 9 bin yıl önce 10 bine yakın nüfusu barındıran Çatalhöyük dünyadaki 30 arkeolojik yerleşimden biridir","Sokullu Mehmet Paşa Camii 1571 yılında karısı Padişah 2 Selimin kızı Esma Sultan tarafından kendi adına yaptırılmıştır",
17,Evet,"ABDli ve Çinli bilim insanları tarafından yapılan araştırmaya göre Syntrichia Caninervis adlı bir çöl yosunu türü metni","Aşağıdakilerden hangisi bu cümlede sözü edilen çöl yosunu ile ilgili kesin olarak çıkarılabilecek bir yargı değildir","Araştırmaya konu olduğu","Sadece suyla beslendiği","Yapraklara sahip olduğu","Farklı bir yönünün bulunduğu",
18,Evet,"Bildirdikleri eylemin hangi hedefe ve amaca yönelik gerçekleştirildiğini belirten cümleler amaç-sonuç cümleleridir","cümlelerinin hangilerinde amaç-sonuç ilişkisi vardır","I ve II","I ve III","II ve IV","III ve IV",
19,Evet,"Öznel anlatım kişisel görüşler içerir Nesnel anlatım ise kişisel görüşlerden uzak kanıtlanabilir yargılarla oluşturulur","Bu açıklamaya göre aşağıdaki medya metinlerinin hangisinde nesnel anlatıma başvurulmuştur","Fransanın başkenti Pariste bulunan ve dünyanın en önemli kültür mirasları arasında gösterilen Notre Dame Katedrali","Çocuğundan yaşlısına hayatımızın her anında anılarımızın içerisinde yer bulan yaptığı her işle adını tekrar tekrar gönlümüze yazdıran Ayşen Gruda","DNA molekülünün bir sabit disk gibi bilgisayarlarda kullanılabilmesini sağlayacak sistemi geliştiren ekip yapılan test ile Hello kelimesini yapay DNAya işledi","Yüzüncü yıldönümünü kutladığımız 19 Mayıs 1919 tarihi geçmişte binlerce örneğine rastlanacak askerî zaferlerden daha büyük anlamlar barındıran olaylar silsilesinin başlangıcıdır",
20,Evet,"Olimpiyat oyunları yaz ve kış sporları için ayrı ayrı düzenlenen uluslararası etkinliklerdir","Bu iki cümlede ifade edilenlerin anlamca doğru bir biçimde birleştirilmiş hâli hangisidir","Yaz ve kış sporları için ayrı ayrı düzenlenen olimpiyat oyunları dört yılda bir gerçekleştirilen uluslararası etkinliklerdir","Dört yıl boyunca yapılan olimpiyat oyunları hem yaz hem de kış sporlarından oluşur ve uluslararası niteliktedir","Yaz ve kış sporları olarak düzenlenen olimpiyat oyunları sadece dört yılda bir gerçekleştirilir","Olimpiyat oyunları hem yaz hem de kış sporlarından oluşan ve dört yılda bir gerçekleştirilen etkinliklerdir",
21,Evet,"Yaşar Kemalin çocukluğundan bugünlere süzülüp gelen hikâyelerin anlatılmaya değer olduğunu biliyoruz kuşkusuz metni","Bu metinde numaralanmış cümlelerden hangisi kendinden önceki cümlenin gerekçesi durumundadır",II,III,IV,V,
22,Evet,"Öneri cümleleri bazı konularda yaşanan sorunları aşmak için yapılması gereken davranışlarla ilgili fikirleri ortaya koymayı amaçlar","Buna göre aşağıdaki metinlerinin hangisinde öneri cümlesine yer verilmiştir","Şiirin soyutluğu-somutluğu sorunu çok tartışıldı","Hiçbir sanat yoktur ki sanatçı için özel bir duyarlılık özel bir seziş özel bir bakış biçimi gerektirmesin","Mark Twainin en sevilen yapıtlarından biri olan Tom Sawyerın Maceraları çocukluğun masum güvenli ve olağanüstü maceralarla dolu evrenine bir övgüdür","Konu edebiyat olunca okumayı alışkanlık hâline getirenler ve sadece okumaları söylendiği için zorla okuyanlar olarak ayırabiliriz insanları Hemen yeni bir kitaba başlayın",
23,Evet,"Yanardağlar genellikle yer kabuğunu oluşturan tektonik levhaların birleşme noktalarında yer alır metni","Yanardağların anlatıldığı bu metinde numaralanmış cümlelerle ilgili aşağıdakilerden hangisi yanlıştır","I cümlede jeolojik olarak nerelerde bulunduğundan söz edilmiştir","II cümlede daha çok nerelerde yoğunlaştığından bahsedilmiştir","III cümlede konumlarına bağlı olarak yer hareketlerinin fazlalığına değinilmiştir","IV cümlede yanardağlara verilen diğer isimlerden söz edilmiştir",
24,Evet,"Suyun en yoğun hâli sıvı değil de katı hâli olsaydı buz sıvı üzerinde yüzmeyip dibe batardı","Yukarıda verilen II numaralı cümleyle ilgili aşağıdakilerden hangisi söylenebilir","I cümlede bahsedilen varsayımın sonucuna yer verilmiştir","I cümlede bahsedilen olası sorunun nedeni üzerinde durulmuştur","I cümlede değinilen düşüncenin bilimsel olarak kanıtlandığı vurgulanmıştır","I cümlede ifade edilen konuyla çelişen bir durumdan söz edilmiştir",
25,Evet,"Uluslararası Matematik Birliği tarafından 1936dan bu yana dört yılda bir verilen Fields Madalyası","Bu cümle aşağıdakilerin hangisinde verilenlerin birleştirilmesiyle oluşmuştur","Field Madalyası matematik alanında bir buluşa imza atan 40 yaşını doldurmamış iki üç ya da dört matematikçiye veriliyor","Field Madalyası matematik alanında ilham verici bir buluşa imza atan 40 yaşını doldurmamış iki üç ya da dört bilim insanına veriliyor","Field Madalyası Uluslararası Matematik Birliği tarafından 1936dan beri dört yılda bir verilmektedir","Field Madalyası matematik alanında ilham verici bir buluşa imza atan 40 yaşını doldurmuş iki üç ya da dört matematikçiye veriliyor",
26,Evet,"Pek çok canlının yaşamını sürdürebilmesi için en önemli gereksinimlerden biri oksijen metni","Bu metinde numaralanmış cümlelerle ilgili verilen bilgilerden hangisi yanlıştır","I cümlede karşılaştırma yapılmıştır","II cümlede düşüncenin yönünü değiştiren bir ifadeye yer verilmiştir","III cümle kendinden önceki cümlenin gerekçesi durumundadır","IV cümlede bir değerlendirme yapılmıştır",
27,Evet,"Bir eylemin olumlu ya da olumsuz biçimde gerçekleşeceğini dile getiren kesinlik anlamı taşımayan yargılara olasılık denir","metninde numaralanmış cümlelerin hangisinde olasılık anlamı vardır",I,II,III,IV,
28,Evet,"Cuma günü dersler bitince yola çıkmaya hazırlanırdık metni","Bu metinde I özlem II pişmanlık III sitem IV beğeni duygularından hangileri hâkimdir","I ve III","I ve IV","II ve III","II ve IV",
29,Evet,"Kayserideki Kültepe Antik Kentinde 1948 yılından beri bölgenin karanlık taraflarının aydınlığa kavuşturulabilmesi için arkeolojik kazılar yapılıyor","Bu metinde sözü edilen kazının yapılma amacı numaralanmış cümlelerin hangisinde verilmiştir",I,II,III,IV,
30,Evet,"Yüzünü görmek için bir cam ayna kullanıyorsun ruhunu görmek için ise sanat eserlerini kullanabilirsin","cümlesinde vurgulanmak istenen aşağıdakilerden hangisidir","Sanat eserlerinin toplumsal sorunlara ışık tuttuğu","İnsanın iç dünyasını sanatla dışa vurabileceği","Sanat eserlerinin kişiler arasındaki ilişkileri düzenlediği","İnsan ruhunun sanatla eğitebildiği",
31,Evet,"aracılığıyla otuz iki yıl - en soğuk yerini belirlediler - bilgileri inceleyerek dünyanın - boyunca elde edilen - bilim insanları uydular","Numaralanmış sözler anlamlı ve kurallı bir cümle oluşturacak biçimde sıralandığında hangisi baştan dördüncü olur",I,II,III,IV,
32,Evet,"Sözü ya da hareketleriyle birinin bir kimseyi kırdığını üzdüğünü veya gücendirdiğini öfkelenmeden dile getiren cümlelere sitem cümlesi denir","dizelerinin hangilerinde sitem anlamı vardır","Yalnız I","Yalnız III","I ve II","II ve III",
33,Evet,"Beşir Fuatın ardından Cumhuriyet tarihi boyunca çok değerli eleştirmenler geldi metni","Bu metnin sonuna Bu doğru olmaz bu gerçeği yansıtmaz cümlesi getirilirse hangisi yapılmış olur","İlişkilendirme","Onaylama","Ön yargı","Kabullenmeme",
34,Evet,"Öykünün günümüzde dolaşımı çok daha fazla metni","Bu metinde altı çizili cümle ile anlatılmak istenen hangisidir","Genç yazarların tanınırlığını artırmak için öykünün bir araç olduğu","Öykü türünün yazmaya yeni başlayan kişilerin yazarlık becerilerini geliştirdiği","Öykünün yazmaya yeni başlayan kişilere gerekli niteliği taşıyıp taşımadığını bulmaları için yardımcı olduğu","Günümüzde öykünün daha çok yazar tarafından tercih edilmesi gerektiği",
35,Evet,"Hayatında ekmeği yenmeyen adamın adı ölümünden sonra anılmaz - Deniz gibi mal kazan fakat sen üzerinde gemi ol - Arkanı güneşe çevirme gölgen önüne düşer","Numaralanmış cümlelerden hangileri Güneş gibi ol şefkatte dizelerinde anlatılanlarla ilgili değildir","Yalnız III","I ve II","I ve III","I II ve III",
36,Evet,"Öznel ifadeler doğruluğu kişiden kişiye değişen kesin ve net doğrusu olmayan ifadelerdir Bu nedenle de kanıtlanamaz ifadelerdir","Buna göre aşağıdakilerden hangisi kanıtlanabilirlik açısından diğerlerinden farklıdır","Yazarın kalemine hâkimiyetine diyeceğim hiçbir şey yok ancak yazar zaman zaman içerikte tekrara düşmektedir","1878 yılında yönetim olarak el değiştiren bu yerleşim yeri eski çağlardan beri nüfus olarak etrafındaki şehirlere göre çok kalabalıktır","Bir yerin iyi ya da kötü olması orada bulunan binalardan çok sizin oraya verdiğiniz değerle ölçülmelidir","Yaşam destek ünitesine bağlanmış gibi telefonlarını şarja takıp prizin dibinde oturan insanların artışını görmek beni üzüyor",
37,Evet,"Deyimler ilgi çekici bir anlatım özelliği taşıyan genellikle gerçek anlamından ayrı bir anlamı bulunan kalıplaşmış söz öbekleridir","Cümlelerinin hangisinde altı çizili ifade deyim değildir",I,II,III,IV,
38,Evet,"Teknoloji baş döndürücü bir şekilde gelişiyor - Çizdiği bütün resimleri maalesef çöpe attı - Yoğurt ve balık kalsiyum bakımından zengindir - Yaşadıklarını güzel bir anı kitabı hâline getirdi","Numaralanmış cümlelerin hangisi kişisel görüş içermez",I,II,III,IV,
39,Evet,"Selma Altan Seval Sevilay Kız Kulesi ile ilgili konuşuyor","Kız Kulesi ile ilgili konuşan bu kişilerin hangisi kişisel görüş bildirmemiştir","Selma","Altan","Seval","Sevilay",
40,Hayır,"","Aşağıdaki atasözlerinden hangisi mecaz anlamlıdır","Sağlık varlıktan yeğdir","Az söyle çok dinle","Hamama giren terler","Kul hatasız olmaz",
41,Evet,"Ben çok küçükken yani çocukların itfaiyeci ya da pilot olmak istedikleri dönemde büyüyünce bir şey icat etmek ya da bir şey keşfetmek isterdim metni","Yukarıdaki numaralanmış cümlelerin hangisinde amaç-sonuç anlamı vardır",I,II,III,IV,
42,Evet,"İçin sözcüğü cümlede amaç neden-sonuç özgüleme gibi pek çok anlam ilgisiyle kullanılabilir","Buna göre aşağıdaki cümlelerin hangisinde için sözcüğü ötekilerden farklı bir anlam ilgisiyle kullanılmıştır","Yurt dışında okumak için yabancı dil öğreniyor","Nihal eti sevmediği için sebze yemekleri yiyor","Yağmur yağdığı için bugün de dışarı çıkamadık","Ödevlerini zamanında yaptığı için kafası rahatmış",
43,Hayır,"","Aşağıdaki cümlelerin hangisinde amaç-sonuç ilişkisi yoktur","İş takibi yapmak için bütün gün şehri dolaşırdı","Kanaatsiz ve sabırsız olduğu için ne yapacağına karar veremiyordu","Dürüst onurlu bir gençlik yetiştirmek maksadıyla elimden geleni yapıyorum","Güzel vakit geçirmek için hafta sonları parkları geziyorum",
44,Evet,"Sen de aynı hataları yap","Bu cümlenin devamı aşağıdakilerden hangisiyle sürdürülürse amaç-sonuç ilişkisi ortaya çıkar","-tığın için benim gibi düşük not aldın","-ma diye söylüyorum bunları sana","-masaydın belki de sınavı geçerdir","-tın bu yüzden hiç kendini temize çıkarma",
45,Evet,"Bir kuş cıvıltısı duysam kanım donar - Adaya kuş uğrasa da uğramasa da burayı seviyorum - Ellerinde kafes görürsem içim cız ederdi - Gökyüzünde bir kuş görse gözleri parlardı","Bu cümlelerin hangisinde koşul ilişkisi yoktur",I,II,III,IV,
46,Hayır,"","Aşağıdaki altı çizili sözcüklerden hangisi bulunduğu cümleye karşılaştırma anlamı katmıştır","Kendini geliştirmek istiyorsan kitap okumalısın","Bu adam çocukları içinde en çok onu seviyordu","Çalışırken aceleci davranmak kötü sonuçlara yol açar","Geçmiş günleri anmak beni hep hüzünlendirmiştir",
47,Evet,"Günlük tutan bir yazar yapıtlarında açığa vurmak istemediği kimi duygu ve düşüncelerini günlüğünde yansıtabilir","Yukarıdaki numaralanmış cümlelerin hangisinde koşul anlamı vardır",II,III,IV,V,
48,Evet,"Bana söylediğin mazeretlerin hiçbirini kabul etmiyorum - Tut ki köprüdeki çalışmalar zamanında bitmedi - 8C sınıfının en haylazı Mesut olmalı - Yemeği annem yaptıysa kesin çok güzeldir","Cümlelerin hangisinde varsayım anlamı vardır",I,II,III,IV,
49,Evet,"Denemelerinde kendi yaşantısını okuyucuyla paylaşıyor - Bu denemesinde kişilerin yaşama bakışlarını ele almış - Denemelerinde çeşitli konulardaki düşüncelerini kısa açıklayıcı cümlelerle anlatmış - Ünlü deneme yazarı her konuya değinmiş","Bir yazarın denemeleri hakkında söylenmiş bu cümlelerden hangisi yazarın üslubuna ilişkin bilgi vermektedir",I,II,III,IV,
50,Hayır,"","Aşağıdaki cümlelerin hangisinde ön yargı söz konusudur","Kitaplar mutluluğumuz için bir araçtır","Mutlu olmanın yollarını ondan öğrendim","Göreceksiniz bu film pek izlenmeyecek","Romanları hikâyeleri kadar başarılı değildir",
51,Evet,"Yarın kar yağabilir","cümlesindeki anlam özelliğine aşağıdaki seçeneklerin hangisinde yer verilmemiştir","Son sınavından yüksek not alacağını düşünüyorum","Ummadığın taş baş yarabilir","Belki yarın derse ben de gelmem","Deniz bugün dalgalı olabilir",
52,Hayır,"","Aşağıdaki cümlelerin hangisinde yay ayraç içinde belirtilen anlam özelliği yoktur","Diyelim ki insanlar uzayda şehirler kurdu Öneri","Eski İstanbul şimdikine göre daha güzeldi Karşılaştırma","Bu öykülerde anlatılan yörenin konuşma dili kullanılmış Üslup","Büyük ikramiye sana da çıkabilir Olasılık",
53,Hayır,"","Aşağıda verilen cümlelerin hangisinde şaşırma söz konusudur","Derdimi kime nasıl anlatacağımı bilmiyorum","Bu kadar işin içinde nasıl kaybolmuyorsun anlamıyorum","Her türlü acıyı çekmiş ama olanlara sabretmiş","Bizimle birlikte çalışmayı göze alamıyorlarmış",
54,Evet,"İki gece üst üste yağmur yağmıştı - Bu yağmurla Bursa Ovası yeşil denize dönmüştü - Cemilin canı müşterisizlikten sıkılmıştı - Böyle ıslak havalarda dükkâna kimsecikler gelmezdi","Numaralanmış cümlelerin hangisinde duygusal bir anlatım söz konusudur",I,II,III,IV,
55,Evet,"Herkesin sözüne inanırsan böyle çabuk aldanırsın - Bundan böyle kimseye bir şey sormuyorsun sadece benim dediklerimi yapıyorsun - Hiçbir şeyi kafasına takmıyor sürekli etrafına neşe saçıyor - Hem bana bir şey sormuyor hem de her işi ona yıktığımı söylüyor","Yukarıdaki numaralanmış cümlelerin hangisinde yakınma anlamı vardır",I,II,III,IV,
56,Evet,"Günlük tutan bir yazar yapıtlarında açığa vurmak istemediği kimi duygu ve düşüncelerini günlüğünde yansıtabilir uzun metin","Yukarıdaki numaralanmış cümlelerin hangisinde koşul anlamı vardır",II,III,IV,V,
57,Evet,"Bana söylediğin mazeretlerin hiçbirini kabul etmiyorum - Tut ki köprüdeki çalışmalar zamanında bitmedi - 8C sınıfının en haylazı Mesut olmalı - Yemeği annem yaptıysa kesin çok güzeldir","Cümlelerin hangisinde varsayım anlamı vardır",I,II,III,IV,
58,Evet,"Denemelerinde kendi yaşantısını okuyucuyla paylaşıyor - Bu denemesinde kişilerin yaşama bakışlarını ele almış - çeşitli konulardaki düşüncelerini kısa açıklayıcı cümlelerle anlatmış - Ünlü deneme yazarı her konuya değinmiş","Bir yazarın denemeleri hakkında söylenmiş bu cümlelerden hangisi yazarın üslubuna ilişkin bilgi vermektedir",I,II,III,IV,
59,Hayır,"","Aşağıdaki cümlelerin hangisinde ön yargı söz konusudur","Kitaplar mutluluğumuz için bir araçtır","Mutlu olmanın yollarını ondan öğrendim","Göreceksiniz bu film pek izlenmeyecek","Romanları hikâyeleri kadar başarılı değildir",
60,Evet,"Yarın kar yağabilir cümlesi","cümlesindeki anlam özelliğine aşağıdaki seçeneklerin hangisinde yer verilmemiştir","Son sınavından yüksek not alacağını düşünüyorum","Ummadığın taş baş yarabilir","Belki yarın derse ben de gelmem","Deniz bugün dalgalı olabilir",
61,Hayır,"","Aşağıdaki cümlelerin hangisinde yay ayraç içinde belirtilen anlam özelliği yoktur","Diyelim ki insanlar uzayda şehirler kurdu Öneri","Eski İstanbul şimdikine göre daha güzeldi Karşılaştırma","Bu öykülerde anlatılan yörenin konuşma dili kullanılmış Üslup","Büyük ikramiye sana da çıkabilir Olasılık",
62,Hayır,"","Aşağıda verilen cümlelerin hangisinde şaşırma söz konusudur","Derdimi kime nasıl anlatacağımı bilmiyorum","Bu kadar işin içinde nasıl kaybolmuyorsun anlamıyorum","Her türlü acıyı çekmiş ama olanlara sabretmiş","Bizimle birlikte çalışmayı göze alamıyorlarmış",
63,Evet,"İki gece üst üste yağmur yağmıştı metni tekrar","Numaralanmış cümlelerin hangisinde duygusal bir anlatım söz konusudur",I,II,III,IV,
64,Evet,"Herkesin sözüne inanırsan metni tekrar","Yukarıdaki numaralanmış cümlelerin hangisinde yakınma anlamı vardır",I,II,III,IV,
65,Hayır,"","Aşağıdaki cümlelerin hangisinde sitem duygusu söz konusudur","Ismarladığım kumaş ne yazık ki henüz gelmemiş","Zavallı kadın yıllarca çocuklarından gelen mektuplarla avunmuş","Zamanında sözümü dinleseydiniz şimdi bu hâllere düşmezdiniz","Sınıf arkadaşların tatil planı yapmışlar ama nedense benim bundan haberim yok",
66,Evet,"Kendince davranmak yaratıcı çabayı gerektirir - Nerede bir baloncu görsem ardı sıra yürürüm - Caddede yürürken iki yana dikkatle bakmalısın - Yabancı kültürler karşısında silinip gitmeye can atar gibiyiz","Numaralanmış cümlelerin hangisinde yakınma anlamı vardır",I,II,III,IV,
67,Evet,"Herkes buz dağının görünen kısmının şiirini yazar ben görünmeyen kısmının şiirini yazmaya çalışıyorum","Bu cümlede asıl anlatılmak istenen düşünce hangisidir","Sanatçının yazdığı her şey nesnel olmalıdır","Sanatçı herkesin anlayabileceği şekilde yazmalıdır","Sanatçı herkesten farklı ve zor olanı yazmalıdır","Sanatçı kendisini yazdıklarıyla ön plana çıkarmalıdır",
68,Evet,"Kadınlarımız için asıl mücadele alanı asıl zafer kazanılması gereken alan biçim ve kılıkta başarıdan çok ışıkla bilgi ve kültürle gerçek faziletle süslenip donanmaktır ATATÜRK","Aşağıdakilerden hangisi bu metindeki altı çizili cümleyle anlamca aynı doğrultudadır","Hayat umudunu kaybetmeyenlere her zaman güler","İnsanları güzelleştiren ya da çirkinleştiren onların dış görünüşü değil davranışlarıdır","Kıyafeti güzel olanın huyu da güzel olur","Mücadele ettiğin sürece yaşam sana birçok imkân sunar",
69,Evet,"Hiçbir şey kendiliğinden ne o kadar üzücüdür ne de zor Doğru bir kürek suda eğri görünür metni","Bu metindeki altı çizili cümleyle anlatılmak istenen hangisidir","Hayat bazı şeyleri görmemizi engeller","Bir şeyi nasıl görüyorsak o bizim için en doğru olanıdır","Önemli olan bir şeyin nasıl göründüğüdür","Şartlar değişince doğru olan bir durum yanlış görülebilir",
70,Evet,"Çağın yeni bir düşünce akımını ya da yabancıdan gelen yeni bir nesneyi adlandırırken kendi dilimizden bir karşılık bulmalıyız","Bu cümlenin anlamca özdeşi hangisidir","Dilimize giren her türlü yabancı kavram ya da nesneyi dilimizdeki karşılıkları ile adlandırmalıyız","Yabancı dillerden giren sözcükleri kullanmamalıyız","Yabancı kavram ve nesneler dilimize girerken değişime uğrar","Yabancı dillerden giren sözcükler dilimizi olumsuz yönde etkilemektedir",
71,Evet,"Bunca uğraşa rağmen istediğimiz noktaya gelemedik - Kendilerini beğenmeyenler başkalarını hiç beğenmezler - Yaşam yarışında rakibimiz kendimiz olmalıyız - Üstünlük ve başarı kişilere ve koşullara göre değişir","Numaralanmış cümlelerden hangisinde Başkalarından üstün olmak değil dünkü hâlimizden üstün olmak önemlidir anlamı vardır",I,II,III,IV,
72,Evet,"Mehmet en sevdiği köpeği Karabaşı sadece evlerinin önündeki parkta gezdirmektedir","Bu cümleye göre aşağıdaki yargılardan hangisine kesinlikle ulaşılır","Mehmetin oturduğu yerde başka park da vardır","Mehmet Karabaşla başka parklara da gitmektedir","Mehmet köpeğiyle parkta gezmeyi çok sevmektedir","Mehmetin Karabaştan başka köpeği yoktur",
73,Evet,"Bazı zamanlarda cümlelerden bir veya birkaç sözcük çıkarılabilir Kitapları çok satan bir yazardı ancak romanları özgün değildi yani","Bu açıklamaya göre cümlesini tamamlayacak en uygun ifade hangisidir","okura mesajı kısa yoldan veremiyordu","öne sürdüğü düşünceler birbiriyle çelişiyordu","Yazarımız bir türlü kendi olamamıştı","sıradanın dışına çıkmış romanımıza yeni bir soluk getirmişti",
74,Evet,"bilgisiz - benzer - kimse - savaş davuluna - içi boştur - sesi çok","Yukarıda verilen numaralandırılmış sözlerle kurallı ve anlamlı bir cümle oluşturulmak istense doğru sıralama hangisi olur","III II V IV VI I","I II V III IV VI","I IV V III VI II","I V III II VI IV",
75,Evet,"Boş boş de boş boş da su altındaki bir eşya gibidir net görülmez bulanıktır","Metindeki noktalı yerlere sırasıyla aşağıdakilerden hangileri getirilmelidir","Dün - yarın","Hayal - hatıra","Ölüm - hayat","Güzellik - sanat",
76,Evet,"Aynı boş boş konuşanlar değil aynı boş boş paylaşanlar anlaşabilir","Panodaki söz aşağıdakilerden hangisiyle tamamlanmalıdır","dili - durumu","biçimde - şeyleri","şeyleri - davranışları","dili - duyguları",
77,Evet,"Her düşüş bir öğreniştir - El atına binen tez iner - Bin ölçüp bir biçmeli - Her yiğidin bir yoğurt yiyişi vardır","Yukarıda numaralanmış atasözlerinden hangisinde farklılık vurgulanmıştır",I,II,III,IV,
78,Hayır,"","Aşağıdaki atasözlerinden hangisinde birtakım şeylerin yapılması için uygun zamanın beklenmesi öğütlenmektedir","Ak akçe kara gün içindir","Bugünün işini yarına bırakma","Demir tavında dövülür","Yazın başı pişenin kışın aşı pişer",
79,Evet,"El elin eşeğini türkü söyleyerek arar","Bu atasözü aşağıdaki durumların hangisinde söylenir","Herkesin yardıma ihtiyacı olduğu bir dönem olduğunda","İnsanlar birbirlerine yardım ederken mutlu olduğunda","İnsanın kendi sıkıntı ve sorunlarına başkaları gereken önemi vermediğinde","Bir kişinin sıkıntısına çare olacak kişi bu işi eğlencesinden geri kalmayarak yaptığında",
80,Evet,"Boğaz dokuz boğumdur - Lafla peynir gemisi yürümez - Söz gümüşse sükut altındır - Leyleğin ömrü iki lak lak","Bir sözü söylemeden önce iyice düşünmeliyiz anlamına gelen atasözü kaç numarayla gösterilmiştir",I,II,III,IV,
81,Evet,"Bu yıl bütün dünyada çok az yağmur yağdı diyalog metni","Bu diyaloğun son cümlesinde aşağıdaki anlamlardan hangisi vardır","Gerçekleşmemiş beklenti","Aşamalı durum","Varsayım","Tanımlama",
82,Evet,"Romancı yaşadığı toplumun geleneklerini göreneklerini yaşam tarzlarını romanlarında ister istemez ele alır","Bu cümleye anlamca en yakın olan cümle hangisidir","Romanlar insanlığın durumlarını yansıtan önemli yapıtlardır","Roman yazarı toplumsal olaylara çözümler üretir","Her roman insan ve toplum hayallerini dile getirir","Roman içinden çıktığı toplumun özelliklerinden izler taşır",
83,Evet,"Yolculukları hep sevmişimdir Bir yerden bir yere yolculuk etmek bana tarif edilmez bir sevinç verir Oldum olası yolculuklarımda otobüsü seçerim","Bu metinde numaralanmış cümlelerden hangisi kendinden önceki cümlenin gerekçesini belirtmektedir",I,II,III,IV,
